{
    "@context": "\/api\/3\/contexts\/SystemViewTemplate",
    "@type": "SystemViewTemplate",
    "type": "rows",
    "config": {
        "rows": [
            {
                "columns": [
                    {
                        "widgets": [
                            {
                                "type": "grid",
                                "config": {
                                    "wid": "59b4e538-45db-43cc-9fa2-c8c4ad40065e",
                                    "module": "v_m_instances",
                                    "columns": [
                                        "id",
                                        "name",
                                        "memoryMB"
                                    ],
                                    "expandableCol": [],
                                    "relationshipField": [],
                                    "checkboxStatus": false,
                                    "editableFields": false,
                                    "actionButtons": [
                                        {
                                            "id": "\/api\/3\/workflows\/5b1dde0e-e567-4ee1-93e8-efc5a95ab771",
                                            "name": "Request VM Instance",
                                            "icon": "fa fa-none"
                                        }
                                    ],
                                    "query": {
                                        "sort": [],
                                        "limit": 30,
                                        "logic": "AND",
                                        "filters": []
                                    }
                                }
                            }
                        ],
                        "style": "col-lg-12"
                    }
                ],
                "wid": "dedc61a7-9e02-4218-b80c-d5e31dc76575",
                "_collapsed": false
            }
        ],
        "wid": "5118be71-644a-4ca0-93b7-8738cf1a7ff0",
        "metadata": {
            "customTemplateTitle": "VM Instances",
            "originalTemplateTitle": "VM Instances"
        }
    },
    "module": "v_m_instances",
    "filters": [],
    "isDefault": true,
    "visible": true,
    "viewOptions": "list",
    "name": "Base Template",
    "system": false,
    "uuid": "modules-v_m_instances-list",
    "newUuid": "74070658-3f8a-4053-a6be-52783ec49934"
}