{
    "@context": "\/api\/3\/contexts\/StagingModelMetadata",
    "@type": "StagingModelMetadata",
    "type": "v_m_instances",
    "parentType": null,
    "tableName": "v_m_instance",
    "ownable": false,
    "userOwnable": false,
    "queueable": false,
    "trackable": false,
    "taggable": true,
    "peerReplicable": false,
    "defaultSort": [],
    "uniqueConstraint": [
        {
            "v_m_instances_unique": {
                "columns": [
                    "name"
                ]
            }
        }
    ],
    "indexable": true,
    "writable": true,
    "attributes": [
        {
            "@type": "AttributeMetadata",
            "type": "string",
            "name": "logs",
            "length": null,
            "formType": "richtext",
            "dataSource": null,
            "searchable": true,
            "peerReplicable": true,
            "system": false,
            "encrypted": false,
            "gridColumn": true,
            "collection": false,
            "inversedField": null,
            "ownsRelationship": false,
            "validation": {
                "required": false,
                "minlength": 0,
                "maxlength": 10485761
            },
            "bulkAction": {
                "allow": false,
                "buttonText": "",
                "buttonIcon": "",
                "buttonClass": "btn btn-default btn-sm"
            },
            "dataSourceFilters": null,
            "defaultValue": null,
            "tooltip": null,
            "visibility": true,
            "htmlEscape": false,
            "orphanRemoval": null,
            "readable": true,
            "writeable": true,
            "identifier": null,
            "unique": false,
            "recommend": false,
            "skipSerialization": false,
            "displayName": "{{ logs }}",
            "descriptions": {
                "singular": "Logs"
            }
        },
        {
            "@type": "AttributeMetadata",
            "type": "integer",
            "name": "deleteAfter",
            "length": null,
            "formType": "datetime",
            "dataSource": null,
            "searchable": true,
            "peerReplicable": true,
            "system": false,
            "encrypted": false,
            "gridColumn": false,
            "collection": false,
            "inversedField": null,
            "ownsRelationship": false,
            "validation": {
                "required": false,
                "minlength": 0,
                "maxlength": 10485761,
                "_enableRange": false
            },
            "bulkAction": {
                "allow": false,
                "buttonText": "",
                "buttonIcon": "",
                "buttonClass": "btn btn-default btn-sm"
            },
            "dataSourceFilters": null,
            "defaultValue": null,
            "tooltip": "Delete the VM after this date",
            "visibility": true,
            "htmlEscape": false,
            "orphanRemoval": null,
            "readable": true,
            "writeable": true,
            "identifier": null,
            "unique": false,
            "recommend": false,
            "skipSerialization": false,
            "displayName": "{{ deleteAfter }}",
            "descriptions": {
                "singular": "Delete After"
            }
        },
        {
            "@type": "AttributeMetadata",
            "type": "picklists",
            "name": "vMType",
            "length": null,
            "formType": "picklist",
            "dataSource": {
                "model": "picklists",
                "query": {
                    "logic": "AND",
                    "filters": [
                        {
                            "field": "listName__name",
                            "operator": "eq",
                            "value": "VM Type"
                        }
                    ],
                    "sort": [
                        {
                            "field": "orderIndex",
                            "direction": "ASC"
                        }
                    ]
                },
                "displayConditions": {
                    "6b1a558e-69a8-444d-9614-43cd9aa08e03": {
                        "visibility": "visible",
                        "conditions": null
                    },
                    "4ba4ed66-015c-4ce5-94a3-fdee72d83b73": {
                        "visibility": "visible",
                        "conditions": null
                    }
                }
            },
            "searchable": false,
            "peerReplicable": true,
            "system": false,
            "encrypted": false,
            "gridColumn": false,
            "collection": false,
            "inversedField": null,
            "ownsRelationship": false,
            "validation": {
                "required": true,
                "minlength": 0,
                "maxlength": 10485761,
                "_enableRange": false
            },
            "bulkAction": {
                "allow": false,
                "buttonText": "",
                "buttonIcon": "",
                "buttonClass": "btn btn-default btn-sm"
            },
            "dataSourceFilters": null,
            "defaultValue": "\/api\/3\/picklists\/6b1a558e-69a8-444d-9614-43cd9aa08e03",
            "tooltip": null,
            "visibility": true,
            "htmlEscape": false,
            "orphanRemoval": null,
            "readable": true,
            "writeable": true,
            "identifier": null,
            "unique": false,
            "recommend": false,
            "skipSerialization": false,
            "displayName": "{{ vMType }}",
            "descriptions": {
                "singular": "VM Type"
            }
        },
        {
            "@type": "AttributeMetadata",
            "type": "string",
            "name": "department",
            "length": null,
            "formType": "text",
            "dataSource": null,
            "searchable": false,
            "peerReplicable": true,
            "system": false,
            "encrypted": false,
            "gridColumn": false,
            "collection": false,
            "inversedField": null,
            "ownsRelationship": false,
            "validation": {
                "required": false,
                "minlength": 0,
                "maxlength": 10485761,
                "_enableRange": false
            },
            "bulkAction": {
                "allow": false,
                "buttonText": "",
                "buttonIcon": "",
                "buttonClass": "btn btn-default btn-sm"
            },
            "dataSourceFilters": null,
            "defaultValue": "",
            "tooltip": null,
            "visibility": true,
            "htmlEscape": false,
            "orphanRemoval": null,
            "readable": true,
            "writeable": true,
            "identifier": null,
            "unique": false,
            "recommend": false,
            "skipSerialization": false,
            "displayName": "{{ department }}",
            "descriptions": {
                "singular": "Department"
            }
        },
        {
            "@type": "AttributeMetadata",
            "type": "string",
            "name": "businessJustification",
            "length": null,
            "formType": "richtext",
            "dataSource": null,
            "searchable": true,
            "peerReplicable": true,
            "system": false,
            "encrypted": false,
            "gridColumn": false,
            "collection": false,
            "inversedField": null,
            "ownsRelationship": false,
            "validation": {
                "required": true,
                "minlength": 0,
                "maxlength": 10485761,
                "_enableRange": false
            },
            "bulkAction": {
                "allow": false,
                "buttonText": "",
                "buttonIcon": "",
                "buttonClass": "btn btn-default btn-sm"
            },
            "dataSourceFilters": null,
            "defaultValue": null,
            "tooltip": null,
            "visibility": true,
            "htmlEscape": false,
            "orphanRemoval": null,
            "readable": true,
            "writeable": true,
            "identifier": null,
            "unique": false,
            "recommend": false,
            "skipSerialization": false,
            "displayName": "{{ businessJustification }}",
            "descriptions": {
                "singular": "Business Justification"
            }
        },
        {
            "@type": "AttributeMetadata",
            "type": "string",
            "name": "name",
            "length": null,
            "formType": "text",
            "dataSource": null,
            "searchable": false,
            "peerReplicable": true,
            "system": false,
            "encrypted": false,
            "gridColumn": false,
            "collection": false,
            "inversedField": null,
            "ownsRelationship": false,
            "validation": {
                "required": true,
                "minlength": 0,
                "maxlength": 10485761,
                "_enableRange": false
            },
            "bulkAction": {
                "allow": false,
                "buttonText": "",
                "buttonIcon": "",
                "buttonClass": "btn btn-default btn-sm"
            },
            "dataSourceFilters": null,
            "defaultValue": "",
            "tooltip": "VM Name, only alphanumerical characters and underscore (_)",
            "visibility": true,
            "htmlEscape": false,
            "orphanRemoval": null,
            "readable": true,
            "writeable": true,
            "identifier": null,
            "unique": false,
            "recommend": false,
            "skipSerialization": false,
            "displayName": "{{ name }}",
            "descriptions": {
                "singular": "Name"
            }
        },
        {
            "@type": "AttributeMetadata",
            "type": "people",
            "name": "requestor",
            "length": null,
            "formType": "lookup",
            "dataSource": {
                "model": "people"
            },
            "searchable": false,
            "peerReplicable": true,
            "system": false,
            "encrypted": false,
            "gridColumn": false,
            "collection": false,
            "inversedField": null,
            "ownsRelationship": false,
            "validation": {
                "required": false,
                "minlength": 0,
                "maxlength": 10485761,
                "_enableRange": false
            },
            "bulkAction": {
                "allow": false,
                "buttonText": "",
                "buttonIcon": "",
                "buttonClass": "btn btn-default btn-sm"
            },
            "dataSourceFilters": null,
            "defaultValue": null,
            "tooltip": null,
            "visibility": true,
            "htmlEscape": false,
            "orphanRemoval": null,
            "readable": true,
            "writeable": true,
            "identifier": null,
            "unique": false,
            "recommend": false,
            "skipSerialization": false,
            "displayName": "{{ requestor }}",
            "descriptions": {
                "singular": "Requestor"
            }
        },
        {
            "@type": "AttributeMetadata",
            "type": "network_interfaces",
            "name": "networkInterfaces",
            "length": null,
            "formType": "lookup",
            "dataSource": {
                "model": "network_interfaces"
            },
            "searchable": false,
            "peerReplicable": true,
            "system": false,
            "encrypted": false,
            "gridColumn": true,
            "collection": false,
            "inversedField": "vMInstances",
            "ownsRelationship": true,
            "validation": {
                "required": false,
                "minlength": 0,
                "maxlength": 10485761,
                "_enableRange": false
            },
            "bulkAction": [],
            "dataSourceFilters": null,
            "defaultValue": null,
            "tooltip": null,
            "visibility": true,
            "htmlEscape": false,
            "orphanRemoval": null,
            "readable": true,
            "writeable": true,
            "identifier": null,
            "unique": false,
            "recommend": false,
            "skipSerialization": false,
            "displayName": "{{ networkInterfaces }}",
            "descriptions": {
                "singular": "Network Interfaces"
            }
        },
        {
            "@type": "AttributeMetadata",
            "type": "picklists",
            "name": "status",
            "length": null,
            "formType": "picklist",
            "dataSource": {
                "model": "picklists",
                "query": {
                    "logic": "AND",
                    "filters": [
                        {
                            "field": "listName__name",
                            "operator": "eq",
                            "value": "VM Status"
                        }
                    ],
                    "sort": [
                        {
                            "field": "orderIndex",
                            "direction": "ASC"
                        }
                    ]
                },
                "displayConditions": {
                    "81dd9b98-c14d-4ef7-9e4d-22951c11958d": {
                        "visibility": "visible",
                        "conditions": null
                    },
                    "87e8de7b-4ca7-41f2-b3ee-bc367faf489c": {
                        "visibility": "visible",
                        "conditions": null
                    },
                    "541c0fde-adaf-44cd-89d2-e7adf05f438d": {
                        "visibility": "visible",
                        "conditions": null
                    },
                    "3a009813-79af-4d41-8eeb-cec911d4821c": {
                        "visibility": "visible",
                        "conditions": null
                    }
                }
            },
            "searchable": false,
            "peerReplicable": true,
            "system": false,
            "encrypted": false,
            "gridColumn": false,
            "collection": false,
            "inversedField": null,
            "ownsRelationship": false,
            "validation": {
                "required": false,
                "minlength": 0,
                "maxlength": 10485761
            },
            "bulkAction": {
                "allow": false,
                "buttonText": "",
                "buttonIcon": "",
                "buttonClass": "btn btn-default btn-sm"
            },
            "dataSourceFilters": null,
            "defaultValue": null,
            "tooltip": null,
            "visibility": true,
            "htmlEscape": false,
            "orphanRemoval": null,
            "readable": true,
            "writeable": true,
            "identifier": null,
            "unique": false,
            "recommend": false,
            "skipSerialization": false,
            "displayName": "{{ status }}",
            "descriptions": {
                "singular": "Status"
            }
        },
        {
            "@type": "AttributeMetadata",
            "type": "integer",
            "name": "cpuCores",
            "length": null,
            "formType": "number",
            "dataSource": null,
            "searchable": false,
            "peerReplicable": true,
            "system": false,
            "encrypted": false,
            "gridColumn": false,
            "collection": false,
            "inversedField": null,
            "ownsRelationship": false,
            "validation": {
                "required": false,
                "minlength": 0,
                "maxlength": 10485761,
                "_enableRange": false
            },
            "bulkAction": {
                "allow": false,
                "buttonText": "",
                "buttonIcon": "",
                "buttonClass": "btn btn-default btn-sm"
            },
            "dataSourceFilters": null,
            "defaultValue": null,
            "tooltip": "Requested CPU cores for the VM or CT",
            "visibility": true,
            "htmlEscape": false,
            "orphanRemoval": null,
            "readable": true,
            "writeable": true,
            "identifier": null,
            "unique": false,
            "recommend": false,
            "skipSerialization": false,
            "displayName": "{{ cpuCores }}",
            "descriptions": {
                "singular": "CPU Cores"
            }
        },
        {
            "@type": "AttributeMetadata",
            "type": "integer",
            "name": "memoryMB",
            "length": null,
            "formType": "number",
            "dataSource": null,
            "searchable": false,
            "peerReplicable": true,
            "system": false,
            "encrypted": false,
            "gridColumn": false,
            "collection": false,
            "inversedField": null,
            "ownsRelationship": false,
            "validation": {
                "required": false,
                "minlength": 0,
                "maxlength": 10485761,
                "_enableRange": false
            },
            "bulkAction": {
                "allow": false,
                "buttonText": "",
                "buttonIcon": "",
                "buttonClass": "btn btn-default btn-sm"
            },
            "dataSourceFilters": null,
            "defaultValue": null,
            "tooltip": "Requested memory in MB",
            "visibility": true,
            "htmlEscape": false,
            "orphanRemoval": null,
            "readable": true,
            "writeable": true,
            "identifier": null,
            "unique": false,
            "recommend": false,
            "skipSerialization": false,
            "displayName": "{{ memoryMB }}",
            "descriptions": {
                "singular": "Memory (MB)"
            }
        },
        {
            "@type": "AttributeMetadata",
            "type": "integer",
            "name": "diskGB",
            "length": null,
            "formType": "number",
            "dataSource": null,
            "searchable": false,
            "peerReplicable": true,
            "system": false,
            "encrypted": false,
            "gridColumn": false,
            "collection": false,
            "inversedField": null,
            "ownsRelationship": false,
            "validation": {
                "required": false,
                "minlength": 0,
                "maxlength": 10485761,
                "_enableRange": false
            },
            "bulkAction": {
                "allow": false,
                "buttonText": "",
                "buttonIcon": "",
                "buttonClass": "btn btn-default btn-sm"
            },
            "dataSourceFilters": null,
            "defaultValue": null,
            "tooltip": "Requested disk size in GB",
            "visibility": true,
            "htmlEscape": false,
            "orphanRemoval": null,
            "readable": true,
            "writeable": true,
            "identifier": null,
            "unique": false,
            "recommend": false,
            "skipSerialization": false,
            "displayName": "{{ diskGB }}",
            "descriptions": {
                "singular": "Disk (GB)"
            }
        },
        {
            "@type": "AttributeMetadata",
            "type": "integer",
            "name": "swapMB",
            "length": null,
            "formType": "number",
            "dataSource": null,
            "searchable": false,
            "peerReplicable": true,
            "system": false,
            "encrypted": false,
            "gridColumn": false,
            "collection": false,
            "inversedField": null,
            "ownsRelationship": false,
            "validation": {
                "required": false,
                "minlength": 0,
                "maxlength": 10485761,
                "_enableRange": false
            },
            "bulkAction": {
                "allow": false,
                "buttonText": "",
                "buttonIcon": "",
                "buttonClass": "btn btn-default btn-sm"
            },
            "dataSourceFilters": null,
            "defaultValue": null,
            "tooltip": "Optional swap size in MB for CTs",
            "visibility": true,
            "htmlEscape": false,
            "orphanRemoval": null,
            "readable": true,
            "writeable": true,
            "identifier": null,
            "unique": false,
            "recommend": false,
            "skipSerialization": false,
            "displayName": "{{ swapMB }}",
            "descriptions": {
                "singular": "Swap (MB)"
            }
        },
        {
            "@type": "AttributeMetadata",
            "type": "string",
            "name": "rootPassword",
            "length": null,
            "formType": "text",
            "dataSource": null,
            "searchable": false,
            "peerReplicable": true,
            "system": false,
            "encrypted": true,
            "gridColumn": false,
            "collection": false,
            "inversedField": null,
            "ownsRelationship": false,
            "validation": {
                "required": false,
                "minlength": 0,
                "maxlength": 10485761,
                "_enableRange": false
            },
            "bulkAction": {
                "allow": false,
                "buttonText": "",
                "buttonIcon": "",
                "buttonClass": "btn btn-default btn-sm"
            },
            "dataSourceFilters": null,
            "defaultValue": null,
            "tooltip": "Root password for the provisioned instance (default: fortinet if not specified)",
            "visibility": true,
            "htmlEscape": false,
            "orphanRemoval": null,
            "readable": true,
            "writeable": true,
            "identifier": null,
            "unique": false,
            "recommend": false,
            "skipSerialization": false,
            "displayName": "{{ rootPassword }}",
            "descriptions": {
                "singular": "Root Password"
            }
        }
    ],
    "system": false,
    "module": "v_m_instances",
    "softDeleteable": false,
    "archivable": false,
    "paused": false,
    "partitionBy": "modifyDate",
    "archivalCriteria": {
        "keep_primary_data_for": 24,
        "delete_primary_data_after": 60
    },
    "archivalFilters": [],
    "replicationFilters": [],
    "enableReplication": true,
    "displayName": "{{ name }}",
    "descriptions": {
        "singular": "VM Instance",
        "plural": "VM Instances"
    }
}