{
    "fsrMinCompatibility": "7.2.0",
    "version": "1.1.0",
    "date": "2025-02-19T00:00:00+00:00",
    "exported_from": "fsr-stable",
    "exported_by": "CS Admin",
    "contents": {
        "picklistNames": [
            {
                "name": "VM Status"
            },
            {
                "name": "VM Type"
            }
        ],
        "modules": {
            "network_interfaces": {
                "name": "Network Interfaces",
                "apiName": "network_interfaces"
            },
            "v_m_instances": {
                "name": "VM Instances",
                "apiName": "v_m_instances"
            }
        },
        "viewTemplates": {
            "network_interfaces": {
                "name": "Network Interfaces",
                "apiName": "network_interfaces",
                "views": [
                    "list",
                    "form",
                    "detail"
                ]
            },
            "v_m_instances": {
                "name": "VM Instances",
                "apiName": "v_m_instances",
                "views": [
                    "detail",
                    "list",
                    "form"
                ]
            }
        },
        "views": {
            "navigation": [
                "Dashboard",
                "Queue & Shift Management",
                "Incident Response",
                "Automation",
                "Resources",
                "Reports",
                "Widget Library",
                "Content Hub",
                "Help",
                "User Community",
                "Simulations",
                "Vulnerability Management",
                "Threat Intel Management",
                "Knowledge Base",
                "Service Management"
            ]
        },
        "roles": [
            {
                "name": "Full App Permissions"
            },
            {
                "name": "SOC Analyst"
            }
        ],
        "actors": [
            {
                "name": "atlas Me"
            }
        ],
        "globalVariables": [
            {
                "name": "Server_fqhn",
                "value": "fsr-stable",
                "default_value": "master.fortisoar.in"
            },
            {
                "name": "infrastructure_team_email",
                "value": "cloud-ops@fortielab.com",
                "default_value": "cloud-ops@fortielab.com"
            }
        ],
        "playbooks": [
            {
                "name": "00 - Service Management"
            }
        ]
    }
}