{
    "@context": "\/api\/3\/contexts\/Workflow",
    "@type": "Workflow",
    "triggerLimit": null,
    "name": "> AD User Enrichment",
    "aliasName": null,
    "tag": null,
    "description": "Enrich user with Active Directory data",
    "isActive": true,
    "debug": true,
    "singleRecordExecution": false,
    "remoteExecutableFlag": false,
    "parameters": [
        "user",
        "fsr_recorded_email"
    ],
    "synchronous": false,
    "collection": "\/api\/3\/workflow_collections\/f1c80355-697f-4a71-971b-0988c871491d",
    "versions": [],
    "triggerStep": "\/api\/3\/workflow_steps\/92792cda-f79f-4b35-93f2-acc59f1873a0",
    "steps": [
        {
            "@type": "WorkflowStep",
            "name": "Configuration",
            "description": null,
            "arguments": {
                "user": "{{vars.input.params.user}}",
                "manager_name": "tanit",
                "useMockOutput": "True",
                "fsr_recorded_email": "{{vars.input.params.fsr_recorded_email}}"
            },
            "status": null,
            "top": "165",
            "left": "300",
            "stepType": "\/api\/3\/workflow_step_types\/04d0cf46-b6a8-42c4-8683-60a7eaa69e8f",
            "group": null,
            "uuid": "160a5ddd-222c-47b6-ac63-f3dd22efaffa"
        },
        {
            "@type": "WorkflowStep",
            "name": "Email Mismatch",
            "description": null,
            "arguments": {
                "params": {
                    "msg": "Email Mismatch: FortiSOAR recorded user email is  {{vars.fsr_recorded_email}} while Active Directory record shows: {{vars.user_attributes.mail}} Update FortiSOAR user email and try again"
                },
                "version": "3.7.0",
                "connector": "cyops_utilities",
                "operation": "raise_exception",
                "operationTitle": "Utils: Raise Exception",
                "step_variables": []
            },
            "status": null,
            "top": "975",
            "left": "650",
            "stepType": "\/api\/3\/workflow_step_types\/0109f35d-090b-4a2b-bd8a-94cbc3508562",
            "group": null,
            "uuid": "82b01e66-4305-453d-8a9f-e4be75825cb9"
        },
        {
            "@type": "WorkflowStep",
            "name": "Get Manager Attributes",
            "description": null,
            "arguments": {
                "name": "Active Directory",
                "config": "131bb01a-66d2-4be0-9268-cb9353a80d59",
                "params": {
                    "query": "(distinguishedName={{vars.user_attributes.manager}})",
                    "cookie": "",
                    "page_size": "",
                    "size_limit": ""
                },
                "version": "2.4.0",
                "connector": "activedirectory",
                "operation": "advanced_search",
                "mock_result": "{\n  \"data\": {\n    \"cookie\": \"\",\n    \"entries\": [\n      {\n        \"dn\": \"CN={{vars.manager}},CN=Users,DC=fortielab,DC=com\",\n        \"attributes\": {\n          \"cn\": \"{{vars.manager}}\",\n          \"sn\": \"Simpson\",\n          \"mail\": \"{{vars.manager}}@fortielab.com\",\n          \"name\": \"{{vars.manager}}\",\n          \"title\": \"CTO\",\n          \"homeMDB\": \"CN=Mailbox Database 1544102581,CN=Databases,CN=Exchange Administrative Group (FYDIBOHF23SPDLT),CN=Administrative Groups,CN=FORTIELAB,CN=Microsoft Exchange,CN=Services,CN=Configuration,DC=fortielab,DC=com\",\n          \"codePage\": 0,\n          \"memberOf\": [\n            \"CN=Japan_remote_branch,CN=Users,DC=fortielab,DC=com\",\n            \"CN=Domain Users,CN=Users,DC=fortielab,DC=com\"\n          ],\n          \"givenName\": \"{{vars.manager}}\",\n          \"lastLogon\": 1643634163,\n          \"objectSid\": \"S-1-5-21-1057186202-1089730122-574899179-1155\",\n          \"lastLogoff\": null,\n          \"logonCount\": 3,\n          \"objectGUID\": \"{fc4462a2-3d12-47d1-939d-ccd4649d29ea}\",\n          \"pwdLastSet\": 1595371711,\n          \"uSNChanged\": 662041,\n          \"uSNCreated\": 121251,\n          \"badPwdCount\": 0,\n          \"countryCode\": 0,\n          \"displayName\": \"{{vars.manager}}\",\n          \"objectClass\": [\n            \"top\",\n            \"person\",\n            \"organizationalPerson\",\n            \"user\"\n          ],\n          \"whenChanged\": 1643381076,\n          \"whenCreated\": 1595371711,\n          \"instanceType\": 4,\n          \"mailNickname\": \"{{vars.manager}}\",\n          \"directReports\": [\n            \"CN=david ricardo,CN=Users,DC=fortielab,DC=com\",\n            \"CN=adam smith,CN=Users,DC=fortielab,DC=com\"\n          ],\n          \"msExchVersion\": 88218628259840,\n          \"accountExpires\": 253402300799,\n          \"mDBUseDefaults\": true,\n          \"objectCategory\": \"CN=Person,CN=Schema,CN=Configuration,DC=fortielab,DC=com\",\n          \"primaryGroupID\": 1154,\n          \"proxyAddresses\": [\n            \"SMTP:{{vars.manager}}@fortielab.com\"\n          ],\n          \"sAMAccountName\": \"{{vars.manager}}\",\n          \"sAMAccountType\": \"SAM_NORMAL_USER_ACCOUNT\",\n          \"badPasswordTime\": null,\n          \"msExchUMDtmfMap\": [\n            \"emailAddress:62742\",\n            \"lastNameFirstName:62742\",\n            \"firstNameLastName:62742\"\n          ],\n          \"telephoneNumber\": \"+351915432233\",\n          \"legacyExchangeDN\": \"\/o=FORTIELAB\/ou=Exchange Administrative Group (FYDIBOHF23SPDLT)\/cn=Recipients\/cn=f0ff06a5704041608d45e8ffab8a82e8-{{vars.manager}}\",\n          \"distinguishedName\": \"CN={{vars.manager}},CN=Users,DC=fortielab,DC=com\",\n          \"msExchMailboxGuid\": {\n            \"encoded\": \"b4C1v5gf8EC0x3NRB7m5Dg==\",\n            \"encoding\": \"base64\"\n          },\n          \"msExchUserCulture\": \"en-US\",\n          \"showInAddressBook\": [\n            \"CN=Mailboxes(VLV),CN=All System Address Lists,CN=Address Lists Container,CN=FORTIELAB,CN=Microsoft Exchange,CN=Services,CN=Configuration,DC=fortielab,DC=com\",\n            \"CN=All Mailboxes(VLV),CN=All System Address Lists,CN=Address Lists Container,CN=FORTIELAB,CN=Microsoft Exchange,CN=Services,CN=Configuration,DC=fortielab,DC=com\",\n            \"CN=All Recipients(VLV),CN=All System Address Lists,CN=Address Lists Container,CN=FORTIELAB,CN=Microsoft Exchange,CN=Services,CN=Configuration,DC=fortielab,DC=com\",\n            \"CN=Default Global Address List,CN=All Global Address Lists,CN=Address Lists Container,CN=FORTIELAB,CN=Microsoft Exchange,CN=Services,CN=Configuration,DC=fortielab,DC=com\",\n            \"CN=All Users,CN=All Address Lists,CN=Address Lists Container,CN=FORTIELAB,CN=Microsoft Exchange,CN=Services,CN=Configuration,DC=fortielab,DC=com\"\n          ],\n          \"userPrincipalName\": \"{{vars.manager}}@fortielab.com\",\n          \"lastLogonTimestamp\": 1643381056,\n          \"msExchArchiveQuota\": 104857600,\n          \"userAccountControl\": \"NORMAL_ACCOUNT | DONT_EXPIRE_PASSWORD\",\n          \"msExchDumpsterQuota\": 31457280,\n          \"msExchHomeServerName\": \"\/o=FORTIELAB\/ou=Exchange Administrative Group (FYDIBOHF23SPDLT)\/cn=Configuration\/cn=Servers\/cn=EXCH19\",\n          \"msExchRBACPolicyLink\": \"CN=Default Role Assignment Policy,CN=Policies,CN=RBAC,CN=FORTIELAB,CN=Microsoft Exchange,CN=Services,CN=Configuration,DC=fortielab,DC=com\",\n          \"dSCorePropagationData\": [\n            null\n          ],\n          \"msExchELCMailboxFlags\": 130,\n          \"msExchArchiveWarnQuota\": 94371840,\n          \"msExchPoliciesIncluded\": [\n            \"bf367958-d2e1-4db3-aac1-573cd3ce3f44\",\n            \"{26491cfc-9e50-4857-861b-0cb8df22b5d7}\"\n          ],\n          \"msExchTextMessagingState\": [\n            302120705,\n            16842751\n          ],\n          \"msExchUserAccountControl\": 0,\n          \"msExchWhenMailboxCreated\": 1595864091,\n          \"msExchCalendarLoggingQuota\": 6291456,\n          \"msExchDumpsterWarningQuota\": 20971520,\n          \"msExchRecipientDisplayType\": 1073741824,\n          \"msExchRecipientTypeDetails\": 1,\n          \"msExchMailboxSecurityDescriptor\": {\n            \"encoded\": \"AQAEgBQAAAAgAAAAAAAAACwAAAABAQAAAAAABQoAAAABAQAAAAAABQoAAAAEABwAAQAAAAACFAABAAIAAQEAAAAAAAUKAAAA\",\n            \"encoding\": \"base64\"\n          }\n        }\n      }\n    ]\n  },\n  \"status\": \"Success\",\n  \"message\": \"\",\n  \"operation\": null\n}",
                "operationTitle": "Advanced Search",
                "step_variables": []
            },
            "status": null,
            "top": "975",
            "left": "300",
            "stepType": "\/api\/3\/workflow_step_types\/0bfed618-0316-11e7-93ae-92361f002671",
            "group": null,
            "uuid": "9e0365c8-c78c-4212-8010-88da9e2a5c53"
        },
        {
            "@type": "WorkflowStep",
            "name": "Get User Attributes",
            "description": null,
            "arguments": {
                "name": "Active Directory",
                "config": "1b14150d-e5da-4fff-a71a-a2c18a3c7f7b",
                "params": {
                    "search_object": "User",
                    "search_attr_value": "{{vars.user}}"
                },
                "version": "2.4.0",
                "connector": "activedirectory",
                "operation": "get_specific_object_details",
                "mock_result": "{{vars.mockout_data}}",
                "operationTitle": "Get Specific Object Details",
                "step_variables": []
            },
            "status": null,
            "top": "435",
            "left": "300",
            "stepType": "\/api\/3\/workflow_step_types\/0bfed618-0316-11e7-93ae-92361f002671",
            "group": null,
            "uuid": "1fe3b7b1-4912-4dc7-954b-819cd33382b2"
        },
        {
            "@type": "WorkflowStep",
            "name": "Output",
            "description": null,
            "arguments": {
                "user_details": "{\n    \"email\": \"{{vars.user_attributes.mail or vars.user_attributes.userPrincipalName or None}}\",\n    \"whenUserCreated\": \"{{arrow.get(vars.user_attributes.whenCreated).to(\"UTC\").format(\"YYYY-MM-DD HH:mm:ss ZZ\") or None}}\",\n    \"reportsTo\": \"{%if vars.user_attributes.manager|length > 0%}{{vars.user_attributes.manager.split('=')[1].split(',')[0]}}{%endif%}\",\n    \"jobTitle\": \"{{vars.user_attributes.title or None}}\",\n    \"mobileNumber\": \"{{vars.user_attributes.telephoneNumber or vars.user_attributes.mobile or vars.user_attributes.homePhone or '+97543548856'}}\",\n    \"memberOf\": \"{%if vars.user_attributes.memberOf|length > 0%}{%for i in vars.user_attributes.memberOf%}{{i.split('=')[1].split(',')[0]+', '}}{%endfor%}{%endif%}\",\n    \"department\": \"{{vars.user_attributes.department or 'IT'}}\",\n    \"passwordLastSet\": \"{{arrow.get(vars.user_attributes.pwdLastSet).to(\"UTC\").format(\"YYYY-MM-DD HH:mm:ss ZZ\") or None}}\",\n    \"lastLogin\": {{vars.user_attributes.lastLogon or None}},\n    \"domain\": \"{%set tmp_dom=vars.user_attributes.distinguishedName.split(',')%}{%for entry in tmp_dom%}{%if 'DC=' in entry%}{{entry.split('DC=')[1]+'.'}}{%endif%}{%endfor%}\",\n    \"securityId\": \"{{vars.user_attributes.objectSid or None}}\",\n    \"managerEmail\": \"{{vars.manager_attributes.mail or vars.manager_attributes.userPrincipalName or None}}\",\n    \"managerPhoneNumber\": \"{{vars.manager_attributes.telephoneNumber or vars.manager_attributes.mobile or vars.manager_attributes.homePhone or None}}\"\n    }"
            },
            "status": null,
            "top": "1240",
            "left": "300",
            "stepType": "\/api\/3\/workflow_step_types\/04d0cf46-b6a8-42c4-8683-60a7eaa69e8f",
            "group": null,
            "uuid": "ef2501d6-1c18-4b6a-8ace-b2d9a30c9de1"
        },
        {
            "@type": "WorkflowStep",
            "name": "Set Manager Attributes",
            "description": null,
            "arguments": {
                "manager_attributes": "{{vars.steps.Get_Manager_Attributes.data.entries[0].attributes}}"
            },
            "status": null,
            "top": "1110",
            "left": "300",
            "stepType": "\/api\/3\/workflow_step_types\/04d0cf46-b6a8-42c4-8683-60a7eaa69e8f",
            "group": null,
            "uuid": "5841be94-9bf1-47bb-958d-f9a439392483"
        },
        {
            "@type": "WorkflowStep",
            "name": "Set User Attributes",
            "description": null,
            "arguments": {
                "manager": "{{vars.steps.Get_User_Attributes.data.entries[0].attributes.manager |regex_search('(?<=CN=)\\w+')}}",
                "user_attributes": "{{vars.steps.Get_User_Attributes.data.entries[0].attributes}}"
            },
            "status": null,
            "top": "570",
            "left": "300",
            "stepType": "\/api\/3\/workflow_step_types\/04d0cf46-b6a8-42c4-8683-60a7eaa69e8f",
            "group": null,
            "uuid": "c8385743-fce5-413e-a066-144d62f0b142"
        },
        {
            "@type": "WorkflowStep",
            "name": "Set User Data",
            "description": null,
            "arguments": {
                "mockout_data": "{\n    \"data\": {\n      \"cookie\": null,\n      \"entries\": [\n        {\n          \"dn\": \"CN={{vars.user}},CN=Users,DC=fortielab,DC=com\",\n          \"attributes\": {\n            \"cn\": \"{{vars.user}}\",\n            \"sn\": \"{{vars.user}}\",\n            \"mail\": \"{{vars.user}}@fortielab.com\",\n            \"name\": \"{{vars.user}}\",\n            \"title\": \"SOC Analyst\",\n            \"homeMDB\": \"CN=Mailbox Database 1544102581,CN=Databases,CN=Exchange Administrative Group (FYDIBOHF23SPDLT),CN=Administrative Groups,CN=FORTIELAB,CN=Microsoft Exchange,CN=Services,CN=Configuration,DC=fortielab,DC=com\",\n            \"manager\": \"CN={{vars.manager_name}},CN=Users,DC=fortielab,DC=com\",\n            \"codePage\": 0,\n            \"memberOf\": [\n              \"CN=Numedia,CN=Users,DC=fortielab,DC=com\",\n              \"CN=Domain Users,CN=Users,DC=fortielab,DC=com\",\n              \"{%if 'asmith' in vars.user%}CN=C_LEVEL,CN=Users,DC=fortielab,DC=com{%else%}CN=Users,CN=Users,DC=fortielab,DC=com{%endif%}\"\n            ],\n            \"givenName\": \"{{vars.user}}\",\n            \"lastLogon\": 1602760753,\n            \"objectSid\": \"S-1-5-21-1057186202-1089730122-574899179-1{{ range(111, 999) | random }}}\",\n            \"lastLogoff\": null,\n            \"logonCount\": 6,\n            \"objectGUID\": \"{949b8c03-5c7d-4af0-a7b8-bce{{ range(111, 999) | random }}}\",\n            \"pwdLastSet\": 1588825508,\n            \"uSNChanged\": 196906,\n            \"uSNCreated\": 33409,\n            \"badPwdCount\": 0,\n            \"countryCode\": 0,\n            \"objectClass\": [\n              \"top\",\n              \"person\",\n              \"organizationalPerson\",\n              \"user\"\n            ],\n            \"whenChanged\": 1602676250,\n            \"whenCreated\": 1588825508,\n            \"instanceType\": 4,\n            \"mailNickname\": \"{{vars.user}}\",\n            \"msExchVersion\": 88218628259840,\n            \"accountExpires\": 253402300799,\n            \"mDBUseDefaults\": true,\n            \"objectCategory\": \"CN=Person,CN=Schema,CN=Configuration,DC=fortielab,DC=com\",\n            \"primaryGroupID\": 1156,\n            \"proxyAddresses\": [\n              \"SMTP:{{vars.user}}@fortielab.com\"\n            ],\n            \"sAMAccountName\": \"{{vars.user}}\",\n            \"sAMAccountType\": \"SAM_NORMAL_USER_ACCOUNT\",\n            \"badPasswordTime\": null,\n            \"msExchUMDtmfMap\": [\n              \"emailAddress:37422736\",\n              \"lastNameFirstName:742273632843\",\n              \"firstNameLastName:328437422736\"\n            ],\n            \"legacyExchangeDN\": \"\/o=FORTIELAB\/ou=Exchange Administrative Group (FYDIBOHF23SPDLT)\/cn=Recipients\/cn=50ec8aee08f14789b39afbf691942cea-{{vars.user}}\",\n            \"distinguishedName\": \"CN={{vars.user}},CN=Users,DC=fortielab,DC=com\",\n            \"msExchMailboxGuid\": {\n              \"encoded\": \"GPspdyB9WECdCIa4\/NL3pQ==\",\n              \"encoding\": \"base64\"\n            },\n            \"msExchUserCulture\": \"en-US\",\n            \"showInAddressBook\": [\n              \"CN=Mailboxes(VLV),CN=All System Address Lists,CN=Address Lists Container,CN=FORTIELAB,CN=Microsoft Exchange,CN=Services,CN=Configuration,DC=fortielab,DC=com\",\n              \"CN=All Mailboxes(VLV),CN=All System Address Lists,CN=Address Lists Container,CN=FORTIELAB,CN=Microsoft Exchange,CN=Services,CN=Configuration,DC=fortielab,DC=com\",\n              \"CN=All Recipients(VLV),CN=All System Address Lists,CN=Address Lists Container,CN=FORTIELAB,CN=Microsoft Exchange,CN=Services,CN=Configuration,DC=fortielab,DC=com\",\n              \"CN=Default Global Address List,CN=All Global Address Lists,CN=Address Lists Container,CN=FORTIELAB,CN=Microsoft Exchange,CN=Services,CN=Configuration,DC=fortielab,DC=com\",\n              \"CN=All Users,CN=All Address Lists,CN=Address Lists Container,CN=FORTIELAB,CN=Microsoft Exchange,CN=Services,CN=Configuration,DC=fortielab,DC=com\"\n            ],\n            \"userPrincipalName\": \"{{vars.user}}@fortielab.com\",\n            \"lastLogonTimestamp\": 1601975940,\n            \"msExchArchiveQuota\": 104857600,\n            \"userAccountControl\": \"NORMAL_ACCOUNT | DONT_EXPIRE_PASSWORD\",\n            \"msExchDumpsterQuota\": 31457280,\n            \"msExchHomeServerName\": \"\/o=FORTIELAB\/ou=Exchange Administrative Group (FYDIBOHF23SPDLT)\/cn=Configuration\/cn=Servers\/cn=EXCH19\",\n            \"msExchRBACPolicyLink\": \"CN=Default Role Assignment Policy,CN=Policies,CN=RBAC,CN=FORTIELAB,CN=Microsoft Exchange,CN=Services,CN=Configuration,DC=fortielab,DC=com\",\n            \"dSCorePropagationData\": [\n              null\n            ],\n            \"msExchELCMailboxFlags\": 130,\n            \"msExchArchiveWarnQuota\": 94371840,\n            \"msExchPoliciesIncluded\": [\n              \"bf367958-d2e1-4db3-aac1-573cd3ce3f44\",\n              \"{26491cfc-9e50-4857-861b-0cb8df22b5d7}\"\n            ],\n            \"msExchTextMessagingState\": [\n              302120705,\n              16842751\n            ],\n            \"msExchUserAccountControl\": 0,\n            \"msExchWhenMailboxCreated\": 1588825565,\n            \"msExchCalendarLoggingQuota\": 6291456,\n            \"msExchDumpsterWarningQuota\": 20971520,\n            \"msExchRecipientDisplayType\": 1073741824,\n            \"msExchRecipientTypeDetails\": 1,\n            \"physicalDeliveryOfficeName\": \"HQ\",\n            \"msExchMailboxSecurityDescriptor\": {\n              \"encoded\": \"AQAEgBQAAAAgAAAAAAAAACwAAAABAQAAAAAABQoAAAABAQAAAAAABQoAAAAEABwAAQAAAAACFAABAAIAAQEAAAAAAAUKAAAA\",\n              \"encoding\": \"base64\"\n            }\n          }\n        }\n      ]\n    },\n    \"status\": \"Success\",\n    \"_status\": true,\n    \"message\": \"\",\n    \"operation\": null,\n    \"request_id\": null\n  }"
            },
            "status": null,
            "top": "300",
            "left": "300",
            "stepType": "\/api\/3\/workflow_step_types\/04d0cf46-b6a8-42c4-8683-60a7eaa69e8f",
            "group": null,
            "uuid": "30d0cf17-2141-42c4-a885-a207afdb1214"
        },
        {
            "@type": "WorkflowStep",
            "name": "Start",
            "description": null,
            "arguments": {
                "__triggerLimit": true,
                "step_variables": {
                    "input": {
                        "params": []
                    }
                },
                "triggerOnSource": true,
                "triggerOnReplicate": false
            },
            "status": null,
            "top": "30",
            "left": "300",
            "stepType": "\/api\/3\/workflow_step_types\/b348f017-9a94-471f-87f8-ce88b6a7ad62",
            "group": null,
            "uuid": "92792cda-f79f-4b35-93f2-acc59f1873a0"
        },
        {
            "@type": "WorkflowStep",
            "name": "Stop",
            "description": null,
            "arguments": {
                "params": [],
                "version": "3.7.0",
                "connector": "cyops_utilities",
                "operation": "no_op",
                "operationTitle": "Utils: No Operation",
                "step_variables": []
            },
            "status": null,
            "top": "840",
            "left": "125",
            "stepType": "\/api\/3\/workflow_step_types\/0109f35d-090b-4a2b-bd8a-94cbc3508562",
            "group": null,
            "uuid": "3ad90ff8-4afc-417d-af74-55fd26091d13"
        },
        {
            "@type": "WorkflowStep",
            "name": "User Exists",
            "description": null,
            "arguments": {
                "conditions": [
                    {
                        "option": "yes",
                        "step_iri": "\/api\/3\/workflow_steps\/e6502737-ed9b-4550-b1e5-0ffe051c37ad",
                        "condition": "{{ vars.user_attributes and vars.user_attributes | length > 0 }}",
                        "step_name": "Valid FSR Email Address"
                    },
                    {
                        "option": "no",
                        "default": true,
                        "step_iri": "\/api\/3\/workflow_steps\/3ad90ff8-4afc-417d-af74-55fd26091d13",
                        "step_name": "Stop"
                    }
                ],
                "step_variables": []
            },
            "status": null,
            "top": "705",
            "left": "300",
            "stepType": "\/api\/3\/workflow_step_types\/12254cf5-5db7-4b1a-8cb1-3af081924b28",
            "group": null,
            "uuid": "fbc4a993-4652-44a3-89e5-efd5ceb79f91"
        },
        {
            "@type": "WorkflowStep",
            "name": "Valid FSR Email Address",
            "description": null,
            "arguments": {
                "conditions": [
                    {
                        "option": "yes",
                        "step_iri": "\/api\/3\/workflow_steps\/9e0365c8-c78c-4212-8010-88da9e2a5c53",
                        "condition": "{{ vars.user_attributes.mail == vars.fsr_recorded_email }}",
                        "step_name": "Get Manager Attributes"
                    },
                    {
                        "option": "no",
                        "default": true,
                        "step_iri": "\/api\/3\/workflow_steps\/82b01e66-4305-453d-8a9f-e4be75825cb9",
                        "step_name": "Email Mismatch"
                    }
                ],
                "step_variables": []
            },
            "status": null,
            "top": "840",
            "left": "475",
            "stepType": "\/api\/3\/workflow_step_types\/12254cf5-5db7-4b1a-8cb1-3af081924b28",
            "group": null,
            "uuid": "e6502737-ed9b-4550-b1e5-0ffe051c37ad"
        }
    ],
    "routes": [
        {
            "@type": "WorkflowRoute",
            "name": "Configuration -> Set User Data",
            "targetStep": "\/api\/3\/workflow_steps\/30d0cf17-2141-42c4-a885-a207afdb1214",
            "sourceStep": "\/api\/3\/workflow_steps\/160a5ddd-222c-47b6-ac63-f3dd22efaffa",
            "label": null,
            "isExecuted": false,
            "group": null,
            "uuid": "9d7be89d-999a-477d-832b-d30150a543d4"
        },
        {
            "@type": "WorkflowRoute",
            "name": "Get Manager Attributes -> Set Manager Attributes",
            "targetStep": "\/api\/3\/workflow_steps\/5841be94-9bf1-47bb-958d-f9a439392483",
            "sourceStep": "\/api\/3\/workflow_steps\/9e0365c8-c78c-4212-8010-88da9e2a5c53",
            "label": null,
            "isExecuted": false,
            "group": null,
            "uuid": "869bdd16-2bde-4cd4-aba6-27b496db76ab"
        },
        {
            "@type": "WorkflowRoute",
            "name": "Get User Attributes -> Set user Attributes",
            "targetStep": "\/api\/3\/workflow_steps\/c8385743-fce5-413e-a066-144d62f0b142",
            "sourceStep": "\/api\/3\/workflow_steps\/1fe3b7b1-4912-4dc7-954b-819cd33382b2",
            "label": null,
            "isExecuted": false,
            "group": null,
            "uuid": "b306a046-c4fb-490f-9e7c-972668e84a1d"
        },
        {
            "@type": "WorkflowRoute",
            "name": "Set Manager Attributes -> Compute Results",
            "targetStep": "\/api\/3\/workflow_steps\/ef2501d6-1c18-4b6a-8ace-b2d9a30c9de1",
            "sourceStep": "\/api\/3\/workflow_steps\/5841be94-9bf1-47bb-958d-f9a439392483",
            "label": null,
            "isExecuted": false,
            "group": null,
            "uuid": "089d67bf-7e2e-4b9d-9648-6109c46af3f6"
        },
        {
            "@type": "WorkflowRoute",
            "name": "Set user Attributes -> User Exists",
            "targetStep": "\/api\/3\/workflow_steps\/fbc4a993-4652-44a3-89e5-efd5ceb79f91",
            "sourceStep": "\/api\/3\/workflow_steps\/c8385743-fce5-413e-a066-144d62f0b142",
            "label": null,
            "isExecuted": false,
            "group": null,
            "uuid": "3a453762-93f2-4bde-9869-801026554b5d"
        },
        {
            "@type": "WorkflowRoute",
            "name": "Set User Data -> Get User Attributes",
            "targetStep": "\/api\/3\/workflow_steps\/1fe3b7b1-4912-4dc7-954b-819cd33382b2",
            "sourceStep": "\/api\/3\/workflow_steps\/30d0cf17-2141-42c4-a885-a207afdb1214",
            "label": null,
            "isExecuted": false,
            "group": null,
            "uuid": "547aa967-ce12-405d-b9d1-29e7a86633ee"
        },
        {
            "@type": "WorkflowRoute",
            "name": "Start -> Configuration",
            "targetStep": "\/api\/3\/workflow_steps\/160a5ddd-222c-47b6-ac63-f3dd22efaffa",
            "sourceStep": "\/api\/3\/workflow_steps\/92792cda-f79f-4b35-93f2-acc59f1873a0",
            "label": null,
            "isExecuted": false,
            "group": null,
            "uuid": "9b2ad844-08a8-42ae-9a35-bf270e73fef3"
        },
        {
            "@type": "WorkflowRoute",
            "name": "User Exists -> Stop",
            "targetStep": "\/api\/3\/workflow_steps\/3ad90ff8-4afc-417d-af74-55fd26091d13",
            "sourceStep": "\/api\/3\/workflow_steps\/fbc4a993-4652-44a3-89e5-efd5ceb79f91",
            "label": "no",
            "isExecuted": false,
            "group": null,
            "uuid": "f476830f-dc4f-4612-a581-bdce4c5b8b7a"
        },
        {
            "@type": "WorkflowRoute",
            "name": "User Exists -> Valid FSR Email Address",
            "targetStep": "\/api\/3\/workflow_steps\/e6502737-ed9b-4550-b1e5-0ffe051c37ad",
            "sourceStep": "\/api\/3\/workflow_steps\/fbc4a993-4652-44a3-89e5-efd5ceb79f91",
            "label": "yes",
            "isExecuted": false,
            "group": null,
            "uuid": "6add3201-3478-4461-82c9-46e131e69d99"
        },
        {
            "@type": "WorkflowRoute",
            "name": "Valid FSR Email Address -> Email Mismatch",
            "targetStep": "\/api\/3\/workflow_steps\/82b01e66-4305-453d-8a9f-e4be75825cb9",
            "sourceStep": "\/api\/3\/workflow_steps\/e6502737-ed9b-4550-b1e5-0ffe051c37ad",
            "label": "no",
            "isExecuted": false,
            "group": null,
            "uuid": "52baa851-faca-4db5-a845-ad1058e13109"
        },
        {
            "@type": "WorkflowRoute",
            "name": "Valid FSR Email Address -> Get Manager Attributes",
            "targetStep": "\/api\/3\/workflow_steps\/9e0365c8-c78c-4212-8010-88da9e2a5c53",
            "sourceStep": "\/api\/3\/workflow_steps\/e6502737-ed9b-4550-b1e5-0ffe051c37ad",
            "label": "yes",
            "isExecuted": false,
            "group": null,
            "uuid": "bdb06c47-7a72-4573-8fcf-c5bc33871355"
        }
    ],
    "groups": [],
    "priority": null,
    "playbookOrigin": "\/api\/3\/picklists\/15c1e8c9-22bf-4e66-8fbb-0a502d4a4a3f",
    "isEditable": true,
    "uuid": "a2df7418-b4a8-44de-93b6-cdac0fc62d7a",
    "owners": [],
    "isPrivate": false,
    "deletedAt": null,
    "recordTags": [
        "Enrichment"
    ]
}