{
    "@context": "\/api\/3\/contexts\/Workflow",
    "@type": "Workflow",
    "triggerLimit": null,
    "name": "Destroy Expired VM Instances",
    "aliasName": null,
    "tag": null,
    "description": "Iterate over existing VM instances and destroy expired ones",
    "isActive": true,
    "debug": true,
    "singleRecordExecution": false,
    "remoteExecutableFlag": false,
    "parameters": [],
    "synchronous": false,
    "collection": "\/api\/3\/workflow_collections\/f1c80355-697f-4a71-971b-0988c871491d",
    "versions": [],
    "triggerStep": "\/api\/3\/workflow_steps\/d3d828b4-8f7c-4dd6-afc9-07badd74ab02",
    "steps": [
        {
            "@type": "WorkflowStep",
            "name": "Destroy VM Instance",
            "description": null,
            "arguments": {
                "for_each": {
                    "item": "{{vars.steps.Find_Expired_VM_Instances}}",
                    "parallel": false,
                    "condition": ""
                },
                "arguments": {
                    "vm_instance": "{{vars.item}}"
                },
                "apply_async": false,
                "step_variables": [],
                "pass_parent_env": false,
                "pass_input_record": false,
                "workflowReference": "\/api\/3\/workflows\/41ea49b2-01a1-47c0-a66b-29e1f844135d"
            },
            "status": null,
            "top": "300",
            "left": "125",
            "stepType": "\/api\/3\/workflow_step_types\/74932bdc-b8b6-4d24-88c4-1a4dfbc524f3",
            "group": null,
            "uuid": "4dde4033-6465-473f-9d5e-68426c44c94b"
        },
        {
            "@type": "WorkflowStep",
            "name": "Find Expired VM Instances",
            "description": null,
            "arguments": {
                "query": {
                    "sort": [],
                    "limit": 30,
                    "logic": "AND",
                    "filters": [
                        {
                            "type": "datetime",
                            "logic": "AND",
                            "_field": "deleteAfter",
                            "_value": {
                                "differenceType": "mins",
                                "differenceValue": 1
                            },
                            "filters": [
                                {
                                    "type": "datetime",
                                    "field": "deleteAfter",
                                    "value": "{{getRelativeDate(0,0,0,0,1,\"start\")}}",
                                    "operator": "lt"
                                }
                            ],
                            "_operator": "lt"
                        },
                        {
                            "type": "object",
                            "field": "status",
                            "value": "\/api\/3\/picklists\/81dd9b98-c14d-4ef7-9e4d-22951c11958d",
                            "_value": {
                                "@id": "\/api\/3\/picklists\/81dd9b98-c14d-4ef7-9e4d-22951c11958d",
                                "display": "Active",
                                "itemValue": "Active"
                            },
                            "operator": "eq"
                        }
                    ],
                    "__selectFields": [
                        "name",
                        "vMType"
                    ]
                },
                "module": "v_m_instances?$limit=100",
                "checkboxFields": true,
                "step_variables": []
            },
            "status": null,
            "top": "165",
            "left": "125",
            "stepType": "\/api\/3\/workflow_step_types\/b593663d-7d13-40ce-a3a3-96dece928770",
            "group": null,
            "uuid": "ce582c6e-4a10-4700-b4b1-01f4bdbd212a"
        },
        {
            "@type": "WorkflowStep",
            "name": "Start",
            "description": null,
            "arguments": {
                "route": "512ae991-500c-4cbb-b76d-24965fc1ae9d",
                "resources": [
                    "v_m_instances"
                ],
                "__triggerLimit": true,
                "inputVariables": [],
                "step_variables": {
                    "input": {
                        "params": [],
                        "records": "{{vars.input.records}}"
                    }
                },
                "triggerOnSource": true,
                "displayConditions": {
                    "v_m_instances": {
                        "sort": [],
                        "limit": 30,
                        "logic": "AND",
                        "filters": []
                    }
                },
                "executeButtonText": "Execute",
                "noRecordExecution": true,
                "showToasterMessage": {
                    "visible": false,
                    "messageVisible": true
                },
                "triggerOnReplicate": false,
                "singleRecordExecution": false
            },
            "status": null,
            "top": "30",
            "left": "125",
            "stepType": "\/api\/3\/workflow_step_types\/f414d039-bb0d-4e59-9c39-a8f1e880b18a",
            "group": null,
            "uuid": "d3d828b4-8f7c-4dd6-afc9-07badd74ab02"
        }
    ],
    "routes": [
        {
            "@type": "WorkflowRoute",
            "name": "Find Expired VM Instances -> Destroy VM Instance",
            "targetStep": "\/api\/3\/workflow_steps\/4dde4033-6465-473f-9d5e-68426c44c94b",
            "sourceStep": "\/api\/3\/workflow_steps\/ce582c6e-4a10-4700-b4b1-01f4bdbd212a",
            "label": null,
            "isExecuted": false,
            "group": null,
            "uuid": "a4e726d9-624d-44f5-994e-d700a1d92125"
        },
        {
            "@type": "WorkflowRoute",
            "name": "Start -> Find Expired VM Instances",
            "targetStep": "\/api\/3\/workflow_steps\/ce582c6e-4a10-4700-b4b1-01f4bdbd212a",
            "sourceStep": "\/api\/3\/workflow_steps\/d3d828b4-8f7c-4dd6-afc9-07badd74ab02",
            "label": null,
            "isExecuted": false,
            "group": null,
            "uuid": "7eeec51a-2bd4-402a-a066-a1607135f8f3"
        }
    ],
    "groups": [],
    "priority": "\/api\/3\/picklists\/2b563c61-ae2c-41c0-a85a-c9709585e3f2",
    "playbookOrigin": "\/api\/3\/picklists\/15c1e8c9-22bf-4e66-8fbb-0a502d4a4a3f",
    "isEditable": true,
    "uuid": "fbb03694-a60e-4492-9a3f-8bab0f5b01be",
    "owners": [],
    "isPrivate": false,
    "deletedAt": null,
    "recordTags": [
        "Destroy"
    ]
}